<!-- applicationContext.xml 대신 appConfig 을 이용하도록 한다-->

<!--<?xml version="1.0" encoding="UTF-8"?>-->
<!--<beans xmlns="http://www.springframework.org/schema/beans"-->
<!--	xmlns:xsi="http://www.w3.org/2001/XMLSchema-instance"-->
<!--	xmlns:mybatis-spring="http://mybatis.org/schema/mybatis-spring"-->
<!--	xsi:schemaLocation="http://mybatis.org/schema/mybatis-spring http://mybatis.org/schema/mybatis-spring-1.2.xsd-->
<!--		http://www.springframework.org/schema/beans http://www.springframework.org/schema/beans/spring-beans.xsd">-->

<!--	<bean id="dataSource"-->
<!--		class="org.apache.commons.dbcp2.BasicDataSource">-->
<!--		<property name="driverClassName"-->
<!--			value="com.mysql.cj.jdbc.Driver"></property>-->
<!--		<property name="url"-->
<!--			value="jdbc:mysql://localhost:3306/ssafydb?serverTimezone=UTC"></property>-->
<!--		<property name="username" value="ssafy"></property>-->
<!--		<property name="password" value="ssafy"></property>-->
<!--	</bean>-->

<!--	&lt;!&ndash; MyBatis를 사용하기 위한 sqlSessionFactory를 등록한다. &ndash;&gt;-->

<!--	&lt;!&ndash; mybatis에서 제공하는 scan 태그를 통해 repository interface들의 위치를 지정한다. &ndash;&gt;-->
<!--</beans>-->